Re-Send Code,Re-Send Code
Additional Information,Additional Information
Mobile Number,Mobile Number
Mobile Number Is Invalid,Mobile Number Is Invalid
A Verification Code Has been sent on entered mobile number. Please enter the verification code and click submit,A Verification Code Has been sent on entered mobile number.Please enter the verification code and click submit
Verification Code,Verification Code
Additional Information,Additional Information
Enter Verification Code,Enter Verification Code


